Model,Accuracy,F1-Weighted,F1-Macro,AUC Score
Transformer Model,0.553512320706142,0.6152473799254324,0.3667425555348184,0.8852834171636483
CNN Model,0.5388010297903641,0.5900695774234097,0.33880091387878675,0.8424500521412964
Hybrid CNN-LSTM,0.536226553880103,0.5847726433786831,0.33671562595947013,0.8149666038897083
LSTM Model,0.5277675616035307,0.5829629168629785,0.3485824084333385,0.8413423767976255
BiLSTM with Attention,0.4200073556454579,0.49804637900143683,0.3046568622071349,0.8495270429311433
